fullname,raceChar,pleaSuccess,n,prop_nwhite,prop_white,prop.final,proportions
Aandal Donald J.,Non-white,1,189,0.6948529411764706,0.7587476979742173,1.0919543589893497,0.0638947567977467
Aanes Patricia A.,Non-white,1,13,0.8125,0.6341463414634146,0.7804878048780488,-0.17835365853658536
Abrams Jerome B.,Non-white,1,209,0.7385159010600707,0.7873417721518987,1.0661135000908484,0.04882587109182801
Abrams Ronald L.,Non-white,1,6,0.5454545454545454,0.5714285714285714,1.0476190476190477,0.025974025974025983
Ackerson David E.,Non-white,1,112,0.8175182481751825,0.810126582278481,0.9909584086799277,-0.0073916658967014826
Agerter Lawrence E.,Non-white,1,38,0.5277777777777778,0.7295597484276729,1.3823237338629593,0.20178197064989511
Ahles Richard J.,Non-white,1,25,0.6944444444444444,0.7835820895522388,1.128358208955224,0.08913764510779443
Albrecht H. Peter,Non-white,1,430,0.6554878048780488,0.7455089820359282,1.1373346330594625,0.09002117715787938
Aldrich Stephen C.,Non-white,1,15,0.7894736842105263,0.5555555555555556,0.7037037037037037,-0.23391812865497075
Alexander Pamela G.,Non-white,1,391,0.689594356261023,0.8082191780821918,1.17202116105525,0.11862482182116885
Allen Jacob C.,Non-white,1,17,0.6538461538461539,0.71875,1.099264705882353,0.06490384615384615
Alshouse Diane,Non-white,1,1,1,1,1,0
Alshouse Diane R.,Non-white,1,368,0.7063339731285988,0.8235294117647058,1.165920716112532,0.11719543863610704
Alton Ann L.,Non-white,1,21,0.525,0.45454545454545453,0.8658008658008657,-0.07045454545454549
Anderson Catherine L.,Non-white,1,19,0.5,0.9411764705882353,1.8823529411764706,0.4411764705882353
Anderson Douglas P.,Non-white,1,64,0.810126582278481,0.7537154989384289,0.9303675690021233,-0.05641108334005207
Anderson Gregory J.,Non-white,1,193,0.772,0.7928176795580111,1.0269659061632268,0.02081767955801106
Anderson Jamie L.,Non-white,1,274,0.5930735930735931,0.8235294117647058,1.3885787891799055,0.23045581869111276
Anderson Michelle M.,Non-white,1,17,0.7391304347826086,0.8285714285714286,1.1210084033613448,0.08944099378881998
Anderson P. Hunter,Non-white,1,21,0.6774193548387096,0.8112033195020747,1.1974906145030628,0.13378396466336506
Anderson Steven A.,Non-white,1,239,0.6512261580381471,0.7379310344827587,1.1331409609003031,0.08670487644461156
"Anderson, Jr. Thorwald H.",Non-white,1,16,0.25,0.5483870967741935,2.193548387096774,0.2983870967741935
Armstrong Thomas G.,Non-white,1,88,0.6875,0.7946210268948656,1.155812402756168,0.10712102689486558
Askalani Shereen,Non-white,1,102,0.5828571428571429,0.7721518987341772,1.324770414494912,0.18929475587703437
Askegaard Erik J.,Non-white,1,73,0.7373737373737373,0.7695560253699789,1.0436444727620262,0.032182287996241565
Askew Stephen J.,Non-white,1,31,0.8857142857142857,0.848314606741573,0.9577745559985502,-0.03739967897271268
Asphaug Karen,Non-white,1,306,0.782608695652174,0.8455988455988456,1.080487413820747,0.06299014994667163
Atkins M. Eugene,Non-white,1,35,0.7954545454545454,0.8309859154929577,1.0446680080482897,0.035531370038412335
Atwal G. Tony,Non-white,1,33,0.6875,0.55,0.8,-0.13749999999999996
Austad Jana M.,Non-white,1,230,0.7443365695792881,0.7897727272727273,1.061042490118577,0.04543615769343923
Awsumb Robert,Non-white,1,364,0.7505154639175258,0.7841726618705036,1.0448454423274567,0.033657197952977835
Baland Timothy J.,Non-white,1,16,0.6153846153846154,0.7043010752688172,1.144489247311828,0.08891645988420183
Barnette Toddrick S.,Non-white,1,1036,0.71695501730103806,0.8055908513341804,1.1236281661948753,0.08863583403314235
Bartolomei Luis,Non-white,1,465,0.7775919732441472,0.7881773399014779,1.0136130091636208,0.010585366657330675
Bartscher Joy D.,Non-white,1,515,0.7025920873124147,0.7926509186351706,1.128180822057437,0.09005883132275583
Bartsh Shawn M.,Non-white,1,33,0.6226415094339622,0.6363636363636364,1.022038567493113,0.013722126929674117
Baskfield Allison Krehbie,Non-white,1,18,0.6206896551724138,0.76,1.2244444444444444,0.1393103448275862
Bastian Gary W.,Non-white,1,659,0.6807851239669421,0.7727272727272727,1.1350531107739,0.09194214876033058
Battey David R.,Non-white,1,46,0.6571428571428571,0.7604790419161677,1.1572507159593857,0.10333618477331052
Baxter M. Michael,Non-white,1,187,0.7601626016260162,0.8093126385809313,1.0646572678658242,0.049150036954915044
Bayley Douglas C.,Non-white,1,66,0.7857142857142857,0.8848167539267016,1.1261304140885293,0.09910246821241586
Bearse Edward W.,Non-white,1,30,0.6382978723404256,0.8285714285714286,1.2980952380952382,0.19027355623100306
Beckman Stephanie L.,Non-white,1,27,0.7297297297297297,0.7021276595744681,0.9621749408983452,-0.027602070155261615
Beiers Leslie E.,Non-white,1,85,0.7522123893805309,0.7794117647058824,1.036159169550173,0.027199375325351438
Belois Patricia L.,Non-white,1,13,0.9285714285714286,1,1.0769230769230769,0.0714285714285714
Benshoof Paul T.,Non-white,1,480,0.7272727272727273,0.7665369649805448,1.053988326848249,0.039264237707817506
Benson Beverly J.,Non-white,1,3,1,1,1,0
Benson Daniel A.,Non-white,1,28,0.7777777777777778,0.7411167512690355,0.9528643944887599,-0.036661026508742256
Benson Robert R.,Non-white,1,16,0.7272727272727273,0.7603550295857988,1.0454881656804733,0.03308230231307152
Benson Sharon G.,Non-white,1,31,0.7209302325581395,0.7818181818181819,1.0844574780058653,0.06088794926004237
Bentz Darci J.,Non-white,1,34,0.7391304347826086,0.8432432432432433,1.140858505564388,0.10411280846063464
Berger Robert F.,Non-white,1,4,0.8,0.9,1.125,0.09999999999999998
Bernhardson Ivy S.,Non-white,1,70,0.7865168539325843,0.7142857142857143,0.9081632653061225,-0.07223113964687
Betters Mark E.,Non-white,1,44,0.8,0.752,0.94,-0.04800000000000004
Bibus Thomas,Non-white,1,161,0.7892156862745098,0.8168316831683168,1.0349916979275566,0.027615996893807004
Birnbaum Robert,Non-white,1,193,0.652027027027027,0.7555555555555555,1.1587795048934946,0.10352852852852856
Bjorkman Louise Dovre,Non-white,1,3,0.5,1,2,0.5
Blaeser Robert A.,Non-white,1,285,0.7661290322580645,0.7619047619047619,0.9944862155388471,-0.004224270353302639
Blakely Timothy L.,Non-white,1,51,0.7183098591549296,0.7969543147208121,1.1094854185328953,0.07864445556588251
Bloomquist Timothy R.,Non-white,1,26,0.7647058823529411,0.7435897435897436,0.9723865877712032,-0.02111613876319751
Bohr Gail Chang,Non-white,1,148,0.6788990825688074,0.6923076923076923,1.0197505197505197,0.013408609738884913
Boland Bernard E.,Non-white,1,76,0.7755102040816326,0.820627802690583,1.058177956101015,0.04511759860895037
Bollman Suzanne,Non-white,1,27,0.6136363636363636,0.8089887640449438,1.3183520599250935,0.19535240040858015
Borene Bernard E.,Non-white,1,77,0.7,0.804093567251462,1.1487050960735172,0.10409356725146202
Borgen Lisa N.,Non-white,1,95,0.6462585034013606,0.801829268292683,1.2407252888318356,0.15557076489132238
Bostrack Nancy L.,Non-white,1,13,0.8125,0.7966101694915254,0.9804432855280313,-0.01588983050847459
Braaten Eric J.,Non-white,1,40,0.8163265306122449,0.76875,0.94171875,-0.04757653061224487
Brandt Gina M.,Non-white,1,483,0.6397350993377483,0.7787610619469026,1.2173180160867734,0.13902596260915434
Bransford Tanya M.,Non-white,1,742,0.6993402450518379,0.7861952861952862,1.1241956855164403,0.08685504114344833
Brasel Nancy,Non-white,1,69,0.6272727272727273,0.7027027027027027,1.1202506854680767,0.07542997542997543
Broberg James E.,Non-white,1,91,0.7982456140350878,0.8100890207715133,1.0148367952522255,0.011843406736425588
Brosnahan Amy R.,Non-white,1,15,0.6521739130434783,0.7960526315789473,1.2206140350877193,0.14387871853546907
Brown Suzanne M.,Non-white,1,3,1,0.75,0.75,-0.25
Browne Michael K.,Non-white,1,2,0.4,0.5,1.25,0.09999999999999998
Bryan Jeffrey M.,Non-white,1,124,0.6927374301675978,0.78301886792452835,1.1303256238587949,0.09028143775693054
Buccicone Brianne J.,Non-white,1,16,0.5333333333333333,0.7454545454545455,1.3977272727272727,0.21212121212121215
Bueltel Joseph A.,Non-white,1,181,0.6198630136986302,0.7356495468277946,1.1867937440536795,0.11578653312916443
Burke Kevin S.,Non-white,1,367,0.7210216110019646,0.804635761589404,1.1159662197520617,0.08361415058743937
Burke Susan N.,Non-white,1,198,0.7615384615384615,0.7657142857142857,1.0054834054834054,0.004175824175824183
Burns Michael E.,Non-white,1,2,1,1,1,0
Bush Leland O.,Non-white,1,154,0.7403846153846154,0.8227571115973742,1.1112563585211288,0.08237249621275877
Bush Philip D.,Non-white,1,602,0.6608122941822173,0.8151260504201681,1.2335213155029454,0.15431375623795074
Buytendorp Nancy L.,Non-white,1,88,0.7586206896551724,0.8631284916201117,1.1377602844083292,0.10450780196493936
Cahill Peter A.,Non-white,1,355,0.693359375,0.7364341085271318,1.0621246861011027,0.04307473352713176
Cahill Steven J.,Non-white,1,155,0.7311320754716981,0.7947368421052632,1.0869949066213922,0.06360476663356507
Cain Janet L. Barke,Non-white,1,56,0.8235294117647058,0.8355555555555556,1.0146031746031747,0.012026143790849764
Cajacob John T.,Non-white,1,71,0.6068376068376068,0.8055555555555556,1.3274647887323945,0.1987179487179488
Caligiuri Hilary L.,Non-white,1,195,0.6055900621118012,0.7839506172839507,1.2945235834124724,0.17836055517214944
Campbell James M.,Non-white,1,131,0.7891566265060241,0.7861635220125787,0.9962072110999088,-0.0029931044934454754
Carlson Jay D.,Non-white,1,201,0.6568627450980392,0.7363013698630136,1.1209364138213043,0.07943862476497443
Carlson Mary E.,Non-white,1,28,0.7777777777777778,0.813953488372093,1.0465116279069768,0.036175710594315236
Carolan Robert F.,Non-white,1,105,0.7777777777777778,0.8432203389830508,1.084140435835351,0.06544256120527303
Carrott Ann L.,Non-white,1,45,0.703125,0.752913752913753,1.0708106708106708,0.049788752913752954
Carruthers Phillip,Non-white,1,42,0.6461538461538462,0.6451612903225806,0.9984639016897081,-9.925558312655625e-4
Carter Joseph T.,Non-white,1,224,0.7567567567567568,0.8148148148148148,1.0767195767195765,0.05805805805805797
Casey Frederick J.,Non-white,1,25,0.7352941176470589,0.7424892703862661,1.0097854077253219,0.007195152739207233
Cashman William J.,Non-white,1,110,0.6666666666666666,0.7435897435897436,1.1153846153846154,0.07692307692307698
Cass John  E.,Non-white,1,52,0.6842105263157895,0.7568807339449541,1.10621030345801,0.07267020762916465
Castro Leonardo,Non-white,1,467,0.6671428571428571,0.772972972972973,1.158631865269981,0.10583011583011581
Challeen Dennis A.,Non-white,1,1,1,1,1,0
Chandler Heidi M.,Non-white,1,42,0.8076923076923077,0.7831325301204819,0.9695926563396442,-0.024559777571825814
Chase Joseph F.,Non-white,1,368,0.6133333333333333,0.7453954496208017,1.215318667860003,0.13206211628746845
Chesterman John A.,Non-white,1,72,0.7346938775510204,0.8260869565217391,1.1243961352657004,0.09139307897071869
Chou Marta M.,Non-white,1,125,0.8561643835616438,0.8888888888888888,1.0382222222222222,0.032724505327245024
Christensen David E.,Non-white,1,64,0.5818181818181818,0.7534883720930232,1.2950581395348837,0.17167019027484143
Christian Casey J.,Non-white,1,109,0.5422885572139303,0.7564655172413793,1.3949501739955712,0.21417696002744901
Christopherso Bruce W.,Non-white,1,51,0.5930232558139535,0.6610169491525424,1.114656031904287,0.06799369333858885
Christopherson Bruce W.,Non-white,1,1,1,0.5,0.5,-0.5
Chu Regina M.,Non-white,1,495,0.6707317073170732,0.7891891891891892,1.1766093366093366,0.11845748187211602
Churchwell Timothy M.,Non-white,1,13,0.8666666666666667,0.773972602739726,0.89304531085353,-0.09269406392694068
Clark Douglas B.,Non-white,1,5,0.45454545454545453,0.84,1.848,0.38545454545454544
Clark Lawrence F.,Non-white,1,119,0.8095238095238095,0.803076923076923,0.9920361990950225,-0.006446886446886513
Clark Michelle L.,Non-white,1,6,0.75,0.7804878048780488,1.0406504065040652,0.030487804878048808
"Clark, Jr. James H.",Non-white,1,460,0.7244094488188977,0.7912621359223301,1.0922857745884338,0.0668526871034324
Cleary Edward J.,Non-white,1,205,0.6426332288401254,0.8205128205128205,1.2767979987492182,0.17787959167269507
Clifford James,Non-white,1,1,0.3333333333333333,0.6470588235294118,1.9411764705882355,0.3137254901960785
Clifford James R.,Non-white,1,3,0.5,0.9090909090909091,1.8181818181818181,0.40909090909090906
Cohen Lawrence,Non-white,1,18,0.72,0.76,1.0555555555555556,0.040000000000000036
Cohen Lawrence D.,Non-white,1,81,0.7941176470588235,0.7804878048780488,0.9828364950316171,-0.013629842180774676
Collins Larry M.,Non-white,1,69,0.75,0.825,1.0999999999999999,0.07499999999999996
Collins Lawrence T.,Non-white,1,36,0.6206896551724138,0.7788944723618091,1.2548855388051368,0.15820481718939527
Conkel Terrence E.,Non-white,1,141,0.75,0.8450502152080345,1.1267336202773792,0.09505021520803447
Connell Timothy K.,Non-white,1,120,0.7643312101910829,0.774468085106383,1.0132624113475177,0.010136874915300131
Connolly Francis J.,Non-white,1,44,0.5116279069767442,0.5882352941176471,1.1497326203208555,0.07660738714090287
Connolly John S.,Non-white,1,36,0.72,0.8130841121495327,1.1292834890965733,0.09308411214953272
Conroy Lois R.,Non-white,1,339,0.7212765957446808,0.8037037037037037,1.1142794712116246,0.08242710795902286
Cork Jamie L.,Non-white,1,70,0.7954545454545454,0.8064516129032258,1.0138248847926268,0.010997067448680342
Crump Harry Seymour,Non-white,1,51,0.6296296296296297,0.6129032258064516,0.9734345351043643,-0.016726403823178027
Cunningham James A.,Non-white,1,153,0.8406593406593407,0.8615384615384616,1.0248366013071897,0.020879120879120916
Cutter Elizabeth V.,Non-white,1,216,0.5966850828729282,0.7383720930232558,1.2374569336778638,0.14168701015032759
Cuzzo Michael J.,Non-white,1,55,0.859375,0.8761061946902655,1.0194690265486726,0.016731194690265516
Daily Christa M.,Non-white,1,37,0.5522388059701493,0.7397260273972602,1.3395038874490928,0.18748722142711094
Daly Margaret A.,Non-white,1,599,0.7349693251533742,0.8270042194092827,1.125222769313131,0.0920348942559085
Danforth Robert,Non-white,1,1,1,0.75,0.75,-0.25
Danforth Robert B.,Non-white,1,13,0.9285714285714286,0.8064516129032258,0.86848635235732,-0.12211981566820285
Danielson Andrew,Non-white,1,20,0.46511627906976744,0.8636363636363636,1.856818181818182,0.3985200845665962
Davick-Halfen Kris,Non-white,1,226,0.5809768637532133,0.71004243281471,1.2221526830306293,0.1290655690614967
Davies Jean A.,Non-white,1,39,0.8125,0.8678414096916299,1.0681125042358521,0.05534140969162993
Davis Michele A.,Non-white,1,60,0.759493670886076,0.789873417721519,1.0399999999999998,0.030379746835442978
Dawson Amy E.,Non-white,1,10,0.6666666666666666,1,1.5,0.33333333333333337
DeCourcy Michael T.,Non-white,1,142,0.6396396396396397,0.7923076923076923,1.2386782231852653,0.1526680526680526
Dehen John,Non-white,1,66,0.7764705882352941,0.8333333333333334,1.0732323232323233,0.056862745098039236
Dehn James E.,Non-white,1,51,0.75,0.8229665071770335,1.0972886762360445,0.07296650717703346
DeMay Kristine R.,Non-white,1,59,0.686046511627907,0.8009592326139089,1.1674998983863756,0.11491272098600191
Dempsey Terence M.,Non-white,1,27,0.6428571428571429,0.7989130434782609,1.2427536231884058,0.15605590062111796
DeSanto John E.,Non-white,1,117,0.7048192771084337,0.8515901060070671,1.2082389538219926,0.14677082889863335
Diamond Patrick,Non-white,1,294,0.6837209302325581,0.7707317073170732,1.1272606603617057,0.0870107770845151
Dickinson A. James,Non-white,1,165,0.6846473029045643,0.8385093167701864,1.2247317899491812,0.15386201386562204
Dickstein Mel I.,Non-white,1,142,0.6635514018691588,0.7931034482758621,1.1952404079650316,0.12955204640670326
Dietrich Michelle A.,Non-white,1,151,0.7864583333333334,0.7893401015228426,1.0036642350489124,0.0028817681895092484
Dixon Donna K.,Non-white,1,137,0.8058823529411765,0.8625180897250362,1.0702779215566143,0.05663573678385969
Docherty Robert A.,Non-white,1,42,0.6885245901639344,0.778125,1.1301339285714285,0.08960040983606554
Doll Amy J.,Non-white,1,14,0.7,0.7874015748031497,1.124859392575928,0.0874015748031497
Dorn Marybeth,Non-white,1,159,0.6334661354581673,0.7861271676300579,1.2409932017304688,0.15266103217189053
Douglas Bruce R.,Non-white,1,13,0.5652173913043478,0.8295454545454546,1.467657342657343,0.2643280632411068
Dowdal Bridgid E.,Non-white,1,16,0.64,0.8104575163398693,1.2663398692810457,0.17045751633986927
Doyscher David E.,Non-white,1,69,0.7931034482758621,0.8098591549295775,1.0211267605633803,0.016755706653715396
Drange Steven E.,Non-white,1,38,0.6909090909090909,0.7333333333333333,1.0614035087719298,0.042424242424242364
Duffy David M.,Non-white,1,178,0.5632911392405063,0.7686567164179104,1.3645815864497737,0.2053655771774041
DuFresne Mary Steenson,Non-white,1,24,0.375,0.65625,1.75,0.28125
Duncan Karen R.,Non-white,1,91,0.6842105263157895,0.7873015873015873,1.1506715506715506,0.10309106098579779
Eagon Diana,Non-white,1,45,0.5232558139534884,0.7368421052631579,1.4081871345029238,0.21358629130966944
Edwards Dannia L.,Non-white,1,4,1,1,1,0
Eichenwald Cornwell Jill A.,Non-white,1,67,0.7701149425287356,0.864,1.121910447761194,0.09388505747126441
Eide Kevin W.,Non-white,1,95,0.7480314960629921,0.8463302752293578,1.1314099468855625,0.09829877916636565
Ekstrum B. William,Non-white,1,125,0.7267441860465116,0.782608695652174,1.0768695652173914,0.05586450960566236
Engisch Nicole A.,Non-white,1,141,0.597457627118644,0.7181818181818181,1.2020631850419086,0.12072419106317411
Evans Joseph A.,Non-white,1,204,0.7259786476868327,0.7308970099667774,1.0067748029444337,0.004918362279944688
Fabian James,Non-white,1,64,0.7272727272727273,0.8623548922056384,1.1857379767827527,0.13508216493291114
Fahey Michael A.,Non-white,1,108,0.7883211678832117,0.7971014492753623,1.0111379495437465,0.00878028139215059
Farnberg Wayne R.,Non-white,1,8,0.6666666666666666,0.71875,1.078125,0.05208333333333337
Ferrazzano Stephen J.,Non-white,1,28,0.7368421052631579,0.8444444444444444,1.1460317460317462,0.10760233918128659
Fetsch Michael F.,Non-white,1,378,0.7485148514851485,0.8023255813953488,1.071889996308601,0.053810729910200306
Finley John T.,Non-white,1,139,0.6984924623115578,0.8071428571428572,1.1555498458376157,0.10865039483129935
Fischer Jennifer F.,Non-white,1,44,0.6567164179104478,0.693069306930693,1.0553555355535553,0.03635288902024525
Fisher William J.,Non-white,1,6,0.5,0.6666666666666666,1.3333333333333333,0.16666666666666663
Fitzpatrick Thomas M.,Non-white,1,149,0.7680412371134021,0.8380281690140845,1.0911239247565931,0.06998693190068239
Flanagan Patrick W.,Non-white,1,34,0.85,0.7303370786516854,0.8592200925313946,-0.11966292134831458
Flinn Charles A.,Non-white,1,1,0.5,0.75,1.5,0.25
Floerke Shaun R.,Non-white,1,238,0.7212121212121212,0.8561151079136691,1.1870503597122302,0.13490298670154788
Florey James B.,Non-white,1,152,0.7004608294930875,0.7993562231759657,1.141186187034109,0.09889539368287814
Flynn Jeffrey L.,Non-white,1,201,0.8104838709677419,0.8015564202334631,0.9889850359099446,-0.008927450734278808
Flynn Paulette K.,Non-white,1,447,0.6641901931649331,0.7460674157303371,1.1232737601488074,0.08187722256540397
Fountain Lind Bethany A.,Non-white,1,8,0.8888888888888888,0.8333333333333334,0.9375000000000001,-0.05555555555555547
Fountain Lindberg Bethany A.,Non-white,1,88,0.704,0.8089887640449438,1.1491317671092953,0.10498876404494384
Fraser Thomas S.,Non-white,1,5,0.625,0.8,1.28,0.17500000000000004
Fredrickson Tammi A.,Non-white,1,143,0.772972972972973,0.7747747747747747,1.0023310023310024,0.0018018018018017834
Freeberg Conrad I.,Non-white,1,38,0.71698113207547165,0.7475247524752475,1.0426003126628454,0.030543620399775873
Freeman Juanita C.,Non-white,1,15,0.625,0.7435897435897436,1.1897435897435897,0.11858974358974361
Friday Robert C.,Non-white,1,7,0.4666666666666667,0.8620689655172413,1.8472906403940885,0.39540229885057465
Frisch Jennifer L.,Non-white,1,243,0.6903409090909091,0.7409638554216867,1.0733303584709208,0.050622946330777685
Fritz Michael D.,Non-white,1,109,0.7124183006535948,0.75,1.0527522935779816,0.037581699346405206
Gaitas Theodora K.,Non-white,1,61,0.8840579710144928,0.88,0.9954098360655738,-0.004057971014492789
Galler Gregory G.,Non-white,1,141,0.6682464454976303,0.7903469079939668,1.1827177133810425,0.12210046249633644
Garcia Tamara G.,Non-white,1,564,0.5968253968253968,0.7451523545706371,1.2485265515412272,0.1483269577452403
Gearin Kathleen R.,Non-white,1,461,0.7059724349157733,0.7617977528089888,1.0790757756708669,0.05582531789321543
Giancola Gabriel,Non-white,1,5,0.5555555555555556,0.625,1.125,0.06944444444444442
Giancola Gabriel D.,Non-white,1,8,0.6153846153846154,0.76,1.2349999999999999,0.1446153846153846
Gibbs James D.,Non-white,1,10,0.5263157894736842,0.75,1.425,0.22368421052631582
Gibbs Sean C.,Non-white,1,43,0.8775510204081632,0.8,0.9116279069767442,-0.0775510204081632
"Gilligan, Jr. Thomas A.",Non-white,1,240,0.7058823529411765,0.75,1.0625,0.044117647058823484
Ginsberg Harvey C.,Non-white,1,45,0.6818181818181818,0.675,0.9900000000000001,-0.006818181818181723
Glasrud Charles,Non-white,1,48,0.6857142857142857,0.7710280373831776,1.1244158878504673,0.08531375166889188
Godzala Thomas A.,Non-white,1,20,0.6896551724137931,0.82,1.1889999999999998,0.1303448275862068
Goggins Patrick,Non-white,1,2,1,0.7,0.7,-0.30000000000000004
Gomez Isabel,Non-white,1,28,0.56,0.5416666666666666,0.9672619047619047,-0.018333333333333424
Gowan John,Non-white,1,1,1,1,1,0
Graham Jeanne J.,Non-white,1,104,0.7027027027027027,0.8148148148148148,1.1595441595441593,0.11211211211211203
Greenberg Myron S.,Non-white,1,30,0.6666666666666666,0.8,1.2000000000000002,0.13333333333333341
Grewing Sara R.,Non-white,1,238,0.7484276729559748,0.7664670658682635,1.024103054395411,0.018039392912288732
Gross Bruce F.,Non-white,1,94,0.8103448275862069,0.8151260504201681,1.005900232433399,0.004781222833961207
Gross Donald,Non-white,1,1,0.5,1,2,0.5
Grunke Frederick L.,Non-white,1,136,0.5596707818930041,0.700381679389313,1.2514172653794342,0.14071089749630883
Gustafson Amber B.,Non-white,1,32,0.7272727272727273,0.7936507936507936,1.0912698412698412,0.06637806637806631
Guthmann John H.,Non-white,1,118,0.6629213483146067,0.75,1.13135593220339,0.0870786516853933
Haas Michael J.,Non-white,1,35,0.6363636363636364,0.8837209302325582,1.388704318936877,0.2473572938689218
Hall Sharon L.,Non-white,1,159,0.7130044843049327,0.8170391061452514,1.1459101928955413,0.10403462184031875
Hallenbeck Terry C.,Non-white,1,92,0.773109243697479,0.8211920529801324,1.0621940685286495,0.048082809282653405
Halsey Stephen M.,Non-white,1,104,0.7703703703703704,0.7817258883248731,1.0147403358063256,0.011355517954502736
Halverson Charles D.,Non-white,1,26,0.7428571428571429,0.6363636363636364,0.8566433566433566,-0.10649350649350653
Hancock Karla,Non-white,1,68,0.7640449438202247,0.8166259168704156,1.0688192147274558,0.05258097305019094
Hanks Carol M.,Non-white,1,38,0.8444444444444444,0.8174603174603174,0.9680451127819548,-0.026984126984127
Hannon Mary E.,Non-white,1,158,0.7214611872146118,0.8039538714991763,1.1143411256855673,0.08249268428456447
Hansen Mark F.,Non-white,1,64,0.6274509803921569,0.7209302325581395,1.1489825581395348,0.09347925216598263
Hanson Barbara R.,Non-white,1,126,0.802547770700637,0.7820710973724884,0.9744854149800053,-0.02047667332814862
Hanson Diane M.,Non-white,1,118,0.7712418300653595,0.7767857142857143,1.0071882566585957,0.005543884220354789
Hanson Rodney C.,Non-white,1,25,0.625,0.7230769230769231,1.156923076923077,0.09807692307692306
Harrelson George I.,Non-white,1,91,0.7109375,0.8338762214983714,1.1729247950746322,0.12293872149837137
Harrington David F.,Non-white,1,490,0.7561728395061729,0.800531914893617,1.0586626139817628,0.0443590753874441
Harris Dale O.,Non-white,1,169,0.7222222222222222,0.8111455108359134,1.1231245534651109,0.08892328861369114
Harris JaPaul J.,Non-white,1,44,0.8148148148148148,0.7435897435897436,0.9125874125874127,-0.07122507122507116
Hartigan J. Bruce,Non-white,1,6,0.75,1,1.3333333333333333,0.25
Harves Duane R.,Non-white,1,47,0.7704918032786885,0.8782608695652174,1.1398704902867716,0.10776906628652894
Hatcher Michelle A.,Non-white,1,1,1,1,1,0
Hawkinson John,Non-white,1,107,0.7753623188405797,0.7647058823529411,0.9862561847168774,-0.010656436487638588
Hawley Sheridan,Non-white,1,65,0.5963302752293578,0.7705382436260623,1.2921333623883198,0.1742079683967045
Hayden Elizabeth A.,Non-white,1,65,0.5652173913043478,0.7725631768953068,1.3668425437378506,0.20734578559095906
Hayes Thomas,Non-white,1,117,0.609375,0.7929411764705883,1.301236802413273,0.18356617647058826
Hayne Lisa R.,Non-white,1,43,0.6231884057971014,0.775,1.2436046511627907,0.15181159420289858
Hedlund Deborah,Non-white,1,5,0.38461538461538464,0.6,1.5599999999999998,0.21538461538461534
Hennesy Sarah E.,Non-white,1,136,0.6415094339622641,0.6706948640483383,1.0454949351341745,0.029185430086074216
Hermerding David F.,Non-white,1,46,0.7796610169491526,0.8258706467661692,1.0592688730261735,0.046209629817016595
Herzing Mark J.,Non-white,1,14,0.7368421052631579,0.8666666666666667,1.1761904761904762,0.12982456140350884
Higgs David C.,Non-white,1,101,0.7163120567375887,0.7662337662337663,1.0696926835540697,0.04992170949617758
Hilgers DeAnne,Non-white,1,28,0.6222222222222222,0.6666666666666666,1.0714285714285714,0.0444444444444444
Hiljus Stoney L.,Non-white,1,23,0.6764705882352942,0.7737226277372263,1.143763884481117,0.09725203950193217
Hoff Peter A.,Non-white,1,43,0.7166666666666667,0.7704280155642024,1.07501583567098,0.0537613488975357
Hoffman John C.,Non-white,1,235,0.7704918032786885,0.8107183580387686,1.052208932773721,0.04022655476008008
Hoffman Paul,Non-white,1,10,0.5882352941176471,0.9024390243902439,1.5341463414634147,0.31420373027259685
"Holahan, Jr. John L.",Non-white,1,220,0.8,0.8108108108108109,1.0135135135135136,0.010810810810810811
Holter Terrance C.,Non-white,1,141,0.8057142857142857,0.8323699421965318,1.0330832615914403,0.026655656482246104
Holton Dimick Martha A.,Non-white,1,263,0.5990888382687927,0.7058823529411765,1.1782598971147396,0.10679351467238385
Hoolihan James W.,Non-white,1,111,0.578125,0.7442922374429224,1.287424410712082,0.1661672374429224
Hooten Carol,Non-white,1,50,0.7575757575757576,0.8012820512820513,1.0576923076923077,0.04370629370629375
Hopper Richard,Non-white,1,508,0.7949921752738655,0.804093567251462,1.0114484044757563,0.009101391977596518
Howard William R.,Non-white,1,1164,0.7812080536912752,0.7866108786610879,1.0069159872895368,0.005402824969812703
Howe Thomas R.,Non-white,1,9,0.6,0.765625,1.2760416666666667,0.16562500000000002
Hoyos Juan G.,Non-white,1,167,0.5964285714285714,0.7426470588235294,1.2451567453328638,0.14621848739495802
Huseby Annie P. Claesson,Non-white,1,22,0.8148148148148148,0.8,0.9818181818181819,-0.014814814814814725
Huseby-Claesson Annie P.,Non-white,1,27,0.7941176470588235,0.5625,0.7083333333333334,-0.23161764705882348
Hylden Eric D.,Non-white,1,182,0.708171206225681,0.760806916426513,1.0743262501187574,0.05263571020083202
Ilkka Richard C.,Non-white,1,124,0.6666666666666666,0.7947154471544715,1.1920731707317074,0.12804878048780488
Ireland Mark,Non-white,1,235,0.7679738562091504,0.8414634146341463,1.0956927867151012,0.07348955842499594
Irvine Peter,Non-white,1,141,0.6497695852534562,0.7196467991169978,1.1075415277190677,0.06987721386354162
Jacobson Debra A.,Non-white,1,260,0.65,0.7468553459119497,1.1490082244799225,0.09685534591194966
Janisch Karen A.,Non-white,1,11,0.5789473684210527,0.6,1.0363636363636364,0.021052631578947323
Janzen Lisa K.,Non-white,1,397,0.7908366533864541,0.8277945619335347,1.0467326702534874,0.03695790854708059
Jasper Jenny Walker,Non-white,1,339,0.7669683257918553,0.8510959939531368,1.1096885820863907,0.08412766816128159
Jasper Jonathan N.,Non-white,1,87,0.7131147540983607,0.8380952380952381,1.1752599890530926,0.12498048399687745
Jass Krista J.,Non-white,1,145,0.8055555555555556,0.8233995584988962,1.0221511760675952,0.017844002943340653
Jesse Michael S.,Non-white,1,221,0.6656626506024096,0.7456140350877193,1.1201079622132255,0.0799513844853097
Jessen Richard,Non-white,1,1,1,1,1,0
Jessen Richard T.,Non-white,1,94,0.6962962962962963,0.7891156462585034,1.1333043855840208,0.09281934996220709
Johnson David M.,Non-white,1,214,0.7157190635451505,0.8540305010893247,1.1932482234846171,0.1383114375441742
Johnson Gregg E.,Non-white,1,421,0.6823338735818476,0.7650130548302873,1.1211711516158842,0.08267918124843965
Johnson Jeffrey M.,Non-white,1,17,0.68,0.796875,1.171875,0.11687499999999995
Johnson Kim R.,Non-white,1,52,0.7123287671232876,0.825531914893617,1.1589198036006547,0.11320314777032936
Johnson Kurt D.,Non-white,1,192,0.6857142857142857,0.8091603053435115,1.1800254452926209,0.12344601962922575
Johnson Lawrence R.,Non-white,1,196,0.784,0.8481439820022497,1.081816303574298,0.06414398200224969
Johnson Margaret Shaw,Non-white,1,48,0.5853658536585366,0.7755102040816326,1.3248299319727892,0.19014435042309608
Johnson William A.,Non-white,1,76,0.6972477064220184,0.7702702702702703,1.1047297297297296,0.0730225638482519
Jorgensen Kenneth L.,Non-white,1,37,0.7115384615384616,0.8333333333333334,1.1711711711711712,0.1217948717948718
Jude Tad,Non-white,1,87,0.6904761904761905,0.7771084337349398,1.1254673867885334,0.0866322432587493
Kalina Gerald W.,Non-white,1,6,0.8571428571428571,0.9655172413793104,1.1264367816091956,0.10837438423645329
Kaman Marilyn J.,Non-white,1,97,0.5480225988700564,0.6896551724137931,1.2584429434767155,0.1416325735437367
Kaminsky Walter,Non-white,1,43,0.6417910447761194,0.7777777777777778,1.2118863049095607,0.13598673300165842
Kammeyer Daniel M.,Non-white,1,50,0.7575757575757576,0.801762114537445,1.0583259911894274,0.04418635696168738
Kanning Philip T.,Non-white,1,117,0.7452229299363057,0.854389721627409,1.1464887717564378,0.10916679169110333
Kappelhoff Mark,Non-white,1,3,0.2727272727272727,0.4,1.4666666666666668,0.12727272727272732
Karasov Fred,Non-white,1,606,0.6319082377476538,0.7528868360277137,1.1914496299514479,0.12097859828005986
Karasov Patricia Kerr,Non-white,1,242,0.6351706036745407,0.7279411764705882,1.1460561497326203,0.0927705727960475
King Colleen G,Non-white,1,112,0.7724137931034483,0.8175438596491228,1.0584273182957393,0.04513006654567453
King Pamela A.W.,Non-white,1,86,0.6991869918699187,0.74,1.0583720930232559,0.04081300813008126
"King, Jr. Robert R.",Non-white,1,158,0.8020304568527918,0.8024691358024691,1.0005469604625723,4.386789496773069e-4
Kirk Michael L.,Non-white,1,182,0.6570397111913358,0.7044444444444444,1.0721489621489622,0.04740473325310868
Klein Joseph R.,Non-white,1,141,0.6746411483253588,0.7704918032786885,1.1420765027322404,0.09585065495332967
Klossner John D.,Non-white,1,9,0.8181818181818182,0.7687074829931972,0.9395313681027966,-0.04947433518862099
Knapp Thomas,Non-white,1,185,0.6776556776556777,0.7808641975308642,1.1523023023023022,0.10320851987518653
Knoll Franklin J.,Non-white,1,7,0.875,0.5714285714285714,0.6530612244897959,-0.3035714285714286
Knutsen Dwayne,Non-white,1,84,0.6268656716417911,0.754325259515571,1.2033283901796012,0.12745958787377987
Knutson David L.,Non-white,1,332,0.7649769585253456,0.8162962962962963,1.067086122266845,0.05131933777095066
Koch William H.,Non-white,1,729,0.648,0.7876857749469215,1.2155644675106814,0.13968577494692147
Kraker Michael J.,Non-white,1,278,0.6898263027295285,0.7455138662316476,1.08072693558041,0.05568756350211912
Krehbiel Allison L.,Non-white,1,81,0.6982758620689655,0.7616438356164383,1.0907491966852696,0.06336797354747281
Kritzer Jeffrey M.,Non-white,1,84,0.672,0.7325581395348837,1.0901162790697674,0.06055813953488365
Kulick Gail T.,Non-white,1,73,0.6822429906542056,0.7404580152671756,1.0853288716929834,0.05821502461297001
Kundrat Frank J.,Non-white,1,71,0.5966386554621849,0.7107142857142857,1.1911971830985917,0.11407563025210088
"Kyle, Jr. Richard H.",Non-white,1,189,0.6702127659574468,0.792,1.1817142857142857,0.1217872340425532
Lacy Thomas R.,Non-white,1,60,0.75,0.8013698630136986,1.0684931506849316,0.05136986301369861
Lamas Carolina A.,Non-white,1,222,0.7138263665594855,0.8417721518987342,1.1792393659482268,0.12794578533924872
Landwehr Vicki E.,Non-white,1,264,0.6285714285714286,0.7439613526570048,1.183574879227053,0.11538992408557625
Lang Lois J.,Non-white,1,176,0.7096774193548387,0.7400275103163686,1.042766037263974,0.030350090961529852
Lange LaJune Thomas,Non-white,1,18,0.6206896551724138,0.7857142857142857,1.2658730158730158,0.1650246305418719
Lange Steven Z.,Non-white,1,43,0.4056603773584906,0.717391304347826,1.76845298281092,0.31173092698933547
Larkin Michelle A.,Non-white,1,2,0.6666666666666666,0.8235294117647058,1.2352941176470589,0.1568627450980392
Larson Gary R.,Non-white,1,739,0.7903743315508022,0.7958715596330275,1.0069552209159414,0.005497228082225303
Larson Kristin C.,Non-white,1,154,0.7857142857142857,0.7802874743326489,0.9930931491506441,-0.005426811381636809
Lawson Michelle W.,Non-white,1,119,0.6467391304347826,0.7528089887640449,1.1640071759040695,0.1060698583292623
Leahy Mary C.,Non-white,1,121,0.654054054054054,0.8288770053475936,1.2672912891678083,0.17482295129353953
Leary III William H.,Non-white,1,233,0.6996996996996997,0.7653061224489796,1.0937636857318034,0.06560642274927986
Leary William H.,Non-white,1,1,0.5,1,2,0.5
"LeDuc, II Charles H.",Non-white,1,77,0.77,0.809931506849315,1.0518590998043051,0.03993150684931501
Lefler III Herbert P.,Non-white,1,26,0.4727272727272727,0.4,0.8461538461538463,-0.0727272727272727
Lehmann Christopher J.,Non-white,1,121,0.7756410256410257,0.8482490272373541,1.0936103161076631,0.07260800159632841
Lehmann Thomas R.,Non-white,1,14,0.8235294117647058,0.9333333333333333,1.1333333333333333,0.1098039215686275
Leitner John R.,Non-white,1,21,0.7,0.749003984063745,1.0700056915196359,0.049003984063745065
Lennon Caroline H.,Non-white,1,146,0.7564766839378239,0.8054862842892768,1.0647866634782905,0.049009600351452964
Leung Tony N.,Non-white,1,61,0.5754716981132075,0.813953488372093,1.4144109797941289,0.2384817902588855
Leuning Ross L.,Non-white,1,83,0.7217391304347827,0.7731343283582089,1.0712102139902895,0.051395197923426283
Levy Roberta K.,Non-white,1,83,0.7477477477477478,0.9,1.2036144578313253,0.15225225225225225
Lindman Dale B.,Non-white,1,162,0.7363636363636363,0.8106508875739645,1.100883921396742,0.0742872512103282
Lindstrom John C.,Non-white,1,46,0.71875,0.8627450980392157,1.2003410059676045,0.14399509803921573
Listug Melissa J.,Non-white,1,3,0.6,0.6111111111111112,1.0185185185185186,0.011111111111111183
Litynski Warren E.,Non-white,1,40,0.7843137254901961,0.7181208053691275,0.9156040268456376,-0.06619292012106859
Logering Nancy,Non-white,1,124,0.7337278106508875,0.7903614457831325,1.0771861640108822,0.05663363513224495
Long Christine A.,Non-white,1,71,0.6698113207547169,0.7847025495750708,1.171527750069824,0.11489122882035385
Looby Timothy J.,Non-white,1,51,0.7611940298507462,0.8378378378378378,1.100688924218336,0.07664380798709158
Lorette Willard P.,Non-white,1,3,0.75,0.7272727272727273,0.9696969696969697,-0.022727272727272707
Lund Kevin,Non-white,1,252,0.6885245901639344,0.7834507042253521,1.1378688799463448,0.09492611406141771
Lynch Edward I.,Non-white,1,157,0.7040358744394619,0.7956403269754768,1.130113330672174,0.0916044525360149
Lynn Robert H.,Non-white,1,460,0.7603305785123967,0.766497461928934,1.0081107923195762,0.006166883416537261
Maas Ellen L.,Non-white,1,148,0.7184466019417476,0.8254931714719271,1.1489972521838985,0.10704656953017955
Maas Kenneth J.,Non-white,1,12,0.6666666666666666,0.8333333333333334,1.2500000000000002,0.16666666666666674
Mabley Daniel H.,Non-white,1,1028,0.6333949476278496,0.7609618104667609,1.2014017688594874,0.12756686283891128
Macaulay Robert,Non-white,1,1,1,1,1,0
Macaulay Robert E.,Non-white,1,387,0.7881873727087576,0.8416230366492147,1.0677956356453862,0.05343566394045707
MacDonald Erica H.,Non-white,1,58,0.6987951807228916,0.8201438848920863,1.1736541801041924,0.12134870416919474
Macklin William E.,Non-white,1,101,0.696551724137931,0.8235294117647058,1.182294700058241,0.12697768762677486
Magill Frank J.,Non-white,1,27,0.7297297297297297,0.7,0.9592592592592593,-0.02972972972972976
Maher Gerald,Non-white,1,8,0.5714285714285714,0.782608695652174,1.3695652173913044,0.21118012422360255
Maher Gerald E.,Non-white,1,24,0.6857142857142857,0.8936170212765957,1.303191489361702,0.20790273556230998
Maher Jessica J.W.,Non-white,1,20,0.7407407407407407,0.8631578947368421,1.165263157894737,0.12241715399610142
Mahler Mary B.,Non-white,1,99,0.592814371257485,0.6833855799373041,1.1527817358538361,0.09057120867981905
Mahler Mary M.,Non-white,1,23,0.7419354838709677,0.7647058823529411,1.0306905370843988,0.022770398481973375
Manning Bruce D.,Non-white,1,6,0.5454545454545454,0.75,1.375,0.20454545454545459
Manrique Tanja K.,Non-white,1,18,0.6666666666666666,0.6190476190476191,0.9285714285714286,-0.04761904761904756
Marben Kurt J.,Non-white,1,296,0.6915887850467289,0.7297633872976339,1.055198411362795,0.038174602250904965
Marek Lezlie Ott,Non-white,1,166,0.6666666666666666,0.734375,1.1015625,0.06770833333333337
Mark Kevin F.,Non-white,1,173,0.7828054298642534,0.8553459119496856,1.0926673210455522,0.07254048208543218
Marrinan Margaret M.,Non-white,1,264,0.6633165829145728,0.7307692307692307,1.1016899766899766,0.06745264785465788
Marshall George A.,Non-white,1,16,0.9411764705882353,0.8936170212765957,0.9494680851063829,-0.04755944931163958
Martin Elizabeth H.,Non-white,1,88,0.6567164179104478,0.828752642706131,1.2619642513934268,0.17203622479568326
Martin Gerald C.,Non-white,1,72,0.7058823529411765,0.8457446808510638,1.1981382978723403,0.13986232790988729
Martin Krista K.,Non-white,1,163,0.7342342342342343,0.740983606557377,1.0091923966609675,0.006749372323142766
Mason James D.,Non-white,1,2,0.6666666666666666,1,1.5,0.33333333333333337
Maturi Jon,Non-white,1,193,0.6748251748251748,0.7502986857825568,1.1118415758228561,0.07547351095738197
Maus Earl E.,Non-white,1,81,0.7570093457943925,0.8167330677290837,1.0788942993458266,0.05972372193469122
Mayer Michael J.,Non-white,1,136,0.768361581920904,0.8032258064516129,1.0453747628083492,0.03486422453070892
McBride John R.,Non-white,1,87,0.6397058823529411,0.7733333333333333,1.208888888888889,0.1336274509803922
McBroom Sarah L.,Non-white,1,17,0.8947368421052632,0.8085106382978723,0.9036295369211513,-0.08622620380739088
McCarr Henry W.,Non-white,1,5,0.8333333333333334,0.7777777777777778,0.9333333333333333,-0.05555555555555558
McCarthy Karin L.,Non-white,1,9,0.8181818181818182,0.7741935483870968,0.9462365591397849,-0.04398826979472148
McCarthy Thomas G.,Non-white,1,92,0.7076923076923077,0.7895833333333333,1.1157155797101448,0.08189102564102557
McCollum Cynthia L.,Non-white,1,158,0.8272251308900523,0.8352490421455939,1.0096997914544839,0.008023911255541583
McGunnigle George F.,Non-white,1,113,0.6494252873563219,0.7419354838709677,1.142449329146446,0.09251019651464587
McKinsey E. Anne,Non-white,1,317,0.713963963963964,0.8344594594594594,1.168769716088328,0.12049549549549543
McManus Timothy J.,Non-white,1,471,0.7488076311605724,0.7800201816347124,1.0416830026501787,0.031212550474140066
McPherson Catherine,Non-white,1,32,0.6956521739130435,0.797752808988764,1.1467696629213482,0.10210063507572054
McShane John Q.,Non-white,1,81,0.5625,0.71698113207547165,1.2746331236897275,0.15448113207547165
Melbye John G.,Non-white,1,392,0.7626459143968871,0.7698863636363636,1.009493854359926,0.007240449239476532
Mennis David L.,Non-white,1,140,0.6698564593301436,0.7528089887640449,1.123836276083467,0.0829525294339013
Merkins Tammy L.,Non-white,1,28,0.7567567567567568,0.8775510204081632,1.1596209912536442,0.12079426365140644
Meslow Douglas B.,Non-white,1,198,0.8048780487804879,0.8254545454545454,1.025564738292011,0.020576496674057587
Messerich Kathryn Davis,Non-white,1,187,0.7450199203187251,0.8146453089244852,1.0934543986098704,0.06962538860576006
Metzen Leslie M.,Non-white,1,168,0.7601809954751131,0.828042328042328,1.0892699672461577,0.06786133256721494
Meyer Gary J.,Non-white,1,44,0.8,0.8061224489795918,1.0076530612244898,0.006122448979591799
Meyer Kerry W.,Non-white,1,692,0.698284561049445,0.7970085470085471,1.1413807371177314,0.09872398595910203
Miles Susan,Non-white,1,1,1,1,1,0
Miles Susan R.,Non-white,1,205,0.6972789115646258,0.8065789473684211,1.1567522464698332,0.10930003580379521
Millenacker Robyn A.,Non-white,1,151,0.6508620689655172,0.6589147286821705,1.0123722983726062,0.008052659716653254
Miller Kevin M.,Non-white,1,8,0.7272727272727273,0.7682926829268293,1.0564024390243902,0.04101995565410199
Miller Laurie J.,Non-white,1,30,0.5555555555555556,0.7058823529411765,1.2705882352941176,0.15032679738562094
Monahan M. Michael,Non-white,1,297,0.75,0.8117647058823529,1.0823529411764705,0.061764705882352944
Mondry Jay,Non-white,1,8,0.7272727272727273,0.7586206896551724,1.0431034482758619,0.03134796238244508
Moonan John,Non-white,1,1,0.3333333333333333,1,3,0.6666666666666667
Moonan John R.,Non-white,1,10,0.8333333333333334,0.9411764705882353,1.1294117647058823,0.10784313725490191
Moore James A.,Non-white,1,40,0.7692307692307693,0.8823529411764706,1.1470588235294117,0.11312217194570129
"Moore, III Gordon L.",Non-white,1,181,0.7903930131004366,0.841025641025641,1.0640600651650376,0.0506326279252044
Moreno Daniel C.,Non-white,1,247,0.5613636363636364,0.6867469879518072,1.2233549582947172,0.12538335158817082
Mork James,Non-white,1,2,0.6666666666666666,1,1.5,0.33333333333333337
Morrow James A.,Non-white,1,60,0.7792207792207793,0.8494623655913979,1.0901433691756273,0.07024158637061861
Morse Ancy L.,Non-white,1,1,1,0.6666666666666666,0.6666666666666666,-0.33333333333333337
Mossey Dale E.,Non-white,1,37,0.6851851851851852,0.7953890489913544,1.1608380715008957,0.1102038638061692
Mott J. Thomas,Non-white,1,316,0.6825053995680346,0.7540983606557377,1.1048972815936915,0.07159296108770308
Mottl Kathleen A.,Non-white,1,83,0.6535433070866141,0.8076285240464345,1.2357689464324961,0.15408521695982036
Moynihan Shawn M.,Non-white,1,220,0.7308970099667774,0.7660044150110376,1.0480333132651014,0.03510740504426013
Muehlberg Stephen L.,Non-white,1,46,0.6865671641791045,0.7485029940119761,1.0902108825826609,0.0619358298328716
Mulrooney Timothy T.,Non-white,1,156,0.7123287671232876,0.7307692307692307,1.025887573964497,0.018440463645943095
Munger Mark A.,Non-white,1,285,0.7142857142857143,0.8087248322147651,1.132214765100671,0.0944391179290508
Murphy Dennis J.,Non-white,1,101,0.7013888888888888,0.7256317689530686,1.0345641062301176,0.02424288006417974
Murphy Thomas M.,Non-white,1,42,0.75,0.8289473684210527,1.105263157894737,0.07894736842105265
NA NA,Non-white,1,5,1,0.6086956521739131,0.6086956521739131,-0.3913043478260869
Nathanson Rosanne,Non-white,1,664,0.6761710794297352,0.7504990019960079,1.1099247288555418,0.07432792256627274
Neisen Christopher A.,Non-white,1,3,0.6,0.8679245283018868,1.4465408805031448,0.26792452830188684
Nelson Laura E.,Non-white,1,33,0.825,0.7692307692307693,0.9324009324009325,-0.05576923076923068
Nelson Paul A.,Non-white,1,66,0.6055045871559633,0.6875,1.1354166666666665,0.08199541284403666
Neo Theresa M.,Non-white,1,96,0.7164179104477612,0.7615894039735099,1.063051876379691,0.045171493525748785
Neuville Thomas M.,Non-white,1,82,0.6776859504132231,0.787292817679558,1.1617369626734944,0.10960686726633495
Neville Cara Lee,Non-white,1,40,0.5263157894736842,0.725,1.3775,0.1986842105263158
Nord Beryl A.,Non-white,1,1173,0.7562862669245648,0.8273464658169177,1.0939593934203233,0.07106019889235293
Nordby Jack S.,Non-white,1,77,0.616,0.7954545454545454,1.2913223140495866,0.17945454545454542
Norris Lyonel,Non-white,1,178,0.6267605633802817,0.8135593220338984,1.2980384688630737,0.18679875865361661
O'Brien Tanya O.,Non-white,1,57,0.76,0.8061224489795918,1.060687432867884,0.046122448979591835
O'Fallon Daniel A.,Non-white,1,121,0.7423312883435583,0.7406417112299465,0.997723958103151,-0.0016895771136118398
Offermann Ann M.,Non-white,1,84,0.717948717948718,0.8058252427184466,1.1223994452149793,0.08787652476972863
Oleisky Allen,Non-white,1,584,0.7564766839378239,0.8385964912280702,1.1085556356645037,0.08211980729024637
Olmstead Kelly,Non-white,1,23,0.6764705882352942,0.8,1.182608695652174,0.12352941176470589
Olson Lynn C.,Non-white,1,132,0.8741721854304636,0.8776758409785933,1.0040079696042998,0.0035036555481297027
Opat Matthew J.,Non-white,1,34,0.723404255319149,0.7794117647058824,1.0774221453287196,0.05600750938673338
Ostby Elena L.,Non-white,1,338,0.6883910386965377,0.758957654723127,1.102509492511998,0.07056661602658931
Oswald John T.,Non-white,1,104,0.7703703703703704,0.8660714285714286,1.1242273351648353,0.09570105820105823
Pagliaccetti Gary J.,Non-white,1,274,0.8058823529411765,0.821954484605087,1.0199435210428087,0.016072131663910527
Pawlenty Mary E.,Non-white,1,79,0.8315789473684211,0.838150289017341,1.0079022462866758,0.006571341648919926
Pearson Andrew B.,Non-white,1,124,0.5849056603773585,0.6730769230769231,1.1507444168734493,0.08817126269956466
Pearson John E.,Non-white,1,133,0.6683417085427136,0.7117117117117117,1.0648919596288016,0.043370003168998084
Pearson Skipper J.,Non-white,1,67,0.6568627450980392,0.7644628099173554,1.1638090539040336,0.10760006481931617
Pendleton Alan,Non-white,1,94,0.6861313868613139,0.7693574958813838,1.1212976269760593,0.08322610902006988
Perkins Richard C.,Non-white,1,72,0.5901639344262295,0.7212475633528265,1.2221139267922894,0.13108362892659697
Perkkio Arlene,Non-white,1,236,0.833922261484099,0.8306264501160093,0.9960478194187738,-0.0032958113680896517
Person Carol M.,Non-white,1,45,0.8333333333333334,0.8279569892473119,0.9935483870967742,-0.005376344086021501
Perzel Tracy,Non-white,1,21,0.75,0.8666666666666667,1.1555555555555557,0.1166666666666667
Petersen George O.,Non-white,1,77,0.7333333333333333,0.7228915662650602,0.9857612267250823,-0.010441767068273045
Peterson Bruce A.,Non-white,1,72,0.8275862068965517,0.9047619047619048,1.0932539682539684,0.07717569786535305
Peterson David W.,Non-white,1,216,0.6923076923076923,0.8260869565217391,1.1932367149758454,0.13377926421404684
Pierce Delila,Non-white,1,19,0.4634146341463415,0.7777777777777778,1.6783625730994152,0.3143631436314363
Pierce Delila F.,Non-white,1,5,0.5555555555555556,0.5,0.8999999999999999,-0.05555555555555558
Pietan Laura A.,Non-white,1,10,0.7692307692307693,0.7307692307692307,0.9499999999999998,-0.03846153846153855
Pihlaja Steven A.,Non-white,1,248,0.6475195822454308,0.8287037037037037,1.2798125746714457,0.1811841214582729
Piper David L.,Non-white,1,70,0.693069306930693,0.8823529411764706,1.2731092436974791,0.18928363424577754
Poch Thomas B.,Non-white,1,117,0.7267080745341615,0.8296296296296296,1.1416270971826525,0.10292155509546808
"Porter, Jr. Charles A.",Non-white,1,192,0.7007299270072993,0.8279569892473119,1.1815636200716846,0.12722706224001257
Poston Janet Nordell,Non-white,1,270,0.7180851063829787,0.7807017543859649,1.0871994801819362,0.06261664800298616
Preece James,Non-white,1,1,1,0.75,0.75,-0.25
Pugh Thomas W.,Non-white,1,214,0.852589641434263,0.848404255319149,0.9950909723603102,-0.004185386115113987
Quaintance Kathryn,Non-white,1,782,0.6216216216216216,0.7657342657342657,1.231833384007297,0.14411264411264413
Quam Jay M.,Non-white,1,583,0.6449115044247787,0.75,1.16295025728988,0.10508849557522126
Quinn Matthew M.,Non-white,1,45,0.6521739130434783,0.7571428571428571,1.160952380952381,0.10496894409937885
Quinn R. Joseph,Non-white,1,21,0.6774193548387096,0.7701149425287356,1.1368363437328954,0.09269558769002595
Rancourt Robert G.,Non-white,1,66,0.6226415094339622,0.7840112201963534,1.2591695354668706,0.16136971076239115
Rantala Jeffry S.,Non-white,1,27,0.75,0.7764705882352941,1.035294117647059,0.026470588235294135
Ranum Jane B.,Non-white,1,26,0.7027027027027027,0.68,0.9676923076923077,-0.022702702702702693
Rasmussen Paul E.,Non-white,1,310,0.7469879518072289,0.7699248120300752,1.0307057967499396,0.022936860222846356
Rasmusson Anne Marie,Non-white,1,222,0.7326732673267327,0.6833855799373041,0.9327289672117258,-0.04928768738942857
Raupp Robert,Non-white,1,67,0.5775862068965517,0.7190635451505016,1.2449458393650477,0.14147733825394992
Reding Jeannice M.,Non-white,1,482,0.7130177514792899,0.7884057971014493,1.1057309519514102,0.0753880456221594
Reilly Denise D.,Non-white,1,170,0.7112970711297071,0.762589928057554,1.0721117223867966,0.05129285692784691
Remick Jeffrey S.,Non-white,1,347,0.6522556390977443,0.6677316293929713,1.0237268784929705,0.015475990295226949
Reuter James,Non-white,1,108,0.7659574468085106,0.7227848101265822,0.9436357243319268,-0.04317263668192839
Reuther Bruce N.,Non-white,1,1,1,1,1,0
Richards Douglas L.,Non-white,1,117,0.73125,0.7674825174825175,1.0495487418564342,0.036232517482517546
Ring Gerard,Non-white,1,4,0.8,0.65,0.8125,-0.15000000000000002
Ring Gerard W.,Non-white,1,1,1,0.8125,0.8125,-0.1875
Rivera Spalla Darlene,Non-white,1,1,0.3333333333333333,0.75,2.25,0.4166666666666667
Robben Patrick D.,Non-white,1,7,0.4666666666666667,0.6,1.2857142857142856,0.1333333333333333
Robertson Sally Ireland,Non-white,1,97,0.7028985507246377,0.7263888888888889,1.0334192439862542,0.023490338164251168
Robiner Susan M.,Non-white,1,50,0.6410256410256411,0.5625,0.8775,-0.07852564102564108
Rodenberg John R.,Non-white,1,50,0.6024096385542169,0.8032786885245902,1.3334426229508196,0.20086904997037325
Roe Katherian D.,Non-white,1,140,0.717948717948718,0.823076923076923,1.1464285714285714,0.10512820512820509
Rohland Patrick,Non-white,1,156,0.7722772277227723,0.8240223463687151,1.067003294656926,0.05174511864594278
Roith Michael J.,Non-white,1,72,0.7659574468085106,0.8381877022653722,1.0943006112909026,0.07223025545686157
Rosas Salvador M.,Non-white,1,1258,0.6848121937942298,0.772420443587271,1.127930329785228,0.08760824979304127
Rosenbaum Marilyn B.,Non-white,1,356,0.7134268537074149,0.7585034013605442,1.0631831384239088,0.045076547653129295
Rosenfeldt Jade M.,Non-white,1,4,0.5714285714285714,0.8571428571428571,1.5,0.2857142857142857
Roue John M.,Non-white,1,107,0.7482517482517482,0.753731343283582,1.007323197098619,0.005479595031833817
Ruble Steven,Non-white,1,145,0.6016597510373444,0.7711670480549199,1.2817328178016254,0.1695072970175755
Rysavy Donald E.,Non-white,1,333,0.7708333333333334,0.7179080824088748,0.9313402150169187,-0.052925250924458545
Sagstuen Warren R.,Non-white,1,369,0.6783088235294118,0.8321678321678322,1.2268273731688366,0.1538590086384204
Sandvik Kenneth A.,Non-white,1,44,0.7333333333333333,0.8213058419243986,1.119962511715089,0.08797250859106531
Savre Michael R.,Non-white,1,83,0.8058252427184466,0.8295454545454546,1.029435925520263,0.02372021182700801
Schellhas Heidi S.,Non-white,1,23,0.46,0.8095238095238095,1.7598343685300206,0.3495238095238095
Scherer John H.,Non-white,1,152,0.6468085106382979,0.7065948855989233,1.0924328823404406,0.05978637496062533
Scherer Richard S.,Non-white,1,561,0.656140350877193,0.7735368956743003,1.1789198677389068,0.11739654479710726
Schieferdecker Eric P.,Non-white,1,49,0.6712328767123288,0.7512953367875648,1.1192767262345353,0.08006246007523599
Schluchter Shari,Non-white,1,2,0.4,0.75,1.875,0.35
Schluchter Shari R.,Non-white,1,458,0.7684563758389261,0.7816377171215881,1.0171530118001453,0.013181341282662018
Schoffelman Todd R.,Non-white,1,54,0.675,0.7728459530026109,1.1449569674112754,0.0978459530026109
Schommer Karen B.,Non-white,1,4,0.5714285714285714,0.7164179104477612,1.2537313432835822,0.14498933901918976
Schroeder Thomas P.,Non-white,1,121,0.7202380952380952,0.8280701754385965,1.1497172683775554,0.10783208020050128
Schurrer Gary R.,Non-white,1,144,0.6792452830188679,0.7985185185185185,1.17559670781893,0.11927323549965063
Schwab Steven,Non-white,1,122,0.7176470588235294,0.8067010309278351,1.1240916004732129,0.08905397210430566
Scoggin Paul R.,Non-white,1,169,0.6814516129032258,0.6904761904761905,1.013243167089321,0.00902457757296471
Seibel Gerald J.,Non-white,1,72,0.6923076923076923,0.6847545219638242,0.9890898650588573,-0.007553170343868043
Senyk Waldemar B.,Non-white,1,90,0.6766917293233082,0.7957142857142857,1.175888888888889,0.11902255639097747
Sheehy Kathleen D.,Non-white,1,21,0.7241379310344828,0.8571428571428571,1.183673469387755,0.13300492610837433
Siefken Kevin H.,Non-white,1,82,0.5616438356164384,0.7560975609756098,1.34622248661511,0.19445372535917138
Simonett Martha M.,Non-white,1,282,0.831858407079646,0.8188736681887366,0.9843906862268855,-0.012984738890909342
Sipkins Thomas M.,Non-white,1,1,0.3333333333333333,1,3,0.6666666666666667
Slattengren Linn,Non-white,1,1,0.5,0.7936507936507936,1.5873015873015872,0.2936507936507936
Slieter Randall J.,Non-white,1,149,0.7602040816326531,0.821917808219178,1.081180472556771,0.061713726586524964
Small Robert M.,Non-white,1,396,0.5649072753209701,0.7361111111111112,1.3030653759820428,0.1712038357901411
Smith Joanne M.,Non-white,1,546,0.6991037131882202,0.7786116322701688,1.1137283604450585,0.07950791908194865
Smith John P.,Non-white,1,290,0.7631578947368421,0.782608695652174,1.025487256371814,0.0194508009153318
Smith Kathryn N.,Non-white,1,134,0.7282608695652174,0.7129032258064516,0.9789118921521425,-0.015357643758765804
Smith Norbert P.,Non-white,1,89,0.7355371900826446,0.7762711864406779,1.0553799276328317,0.04073399635803332
Smith Stephen L.,Non-white,1,143,0.7447916666666666,0.8113207547169812,1.0893257685710518,0.06652908805031454
Snyder Clement,Non-white,1,4,1,0.3333333333333333,0.3333333333333333,-0.6666666666666667
"Snyder, Jr. Clement H.",Non-white,1,1,1,1,1,0
Sokolowski Spencer,Non-white,1,5,0.7142857142857143,0.5714285714285714,0.7999999999999999,-0.1428571428571429
Sokolowski Spencer J.,Non-white,1,6,0.6666666666666666,0.7560975609756098,1.1341463414634148,0.08943089430894313
Solien John R.,Non-white,1,65,0.5803571428571429,0.7351851851851852,1.2667806267806268,0.15482804232804226
Sommerville John J.,Non-white,1,936,0.7272727272727273,0.7904191616766467,1.0868263473053892,0.06314643440391943
Sovis Michael V.,Non-white,1,190,0.7786885245901639,0.82560706401766,1.0602532822121529,0.04691853942749613
Spicer Richard G.,Non-white,1,281,0.7656675749318801,0.8687022900763359,1.1345684713808373,0.10303471514445584
Spilseth Donald M.,Non-white,1,270,0.7049608355091384,0.7569444444444444,1.0737397119341563,0.05198360893530607
Stacey Rex D.,Non-white,1,466,0.7766666666666666,0.8256285482562855,1.0630410492570201,0.048961881589618894
Stafsholt Jon,Non-white,1,14,0.5185185185185185,0.7723577235772358,1.4895470383275262,0.25383920505871727
Stanoch John M.,Non-white,1,23,0.6052631578947368,0.7142857142857143,1.1801242236024845,0.10902255639097747
Starr Mark M.,Non-white,1,96,0.7384615384615385,0.7897252090800478,1.0694195539625648,0.05126367061850934
Starr Nicole J.,Non-white,1,311,0.7698019801980198,0.8445378151260504,1.0970844929611716,0.0747358349280306
Steenson Mary E.,Non-white,1,5,0.8333333333333334,0.6,0.72,-0.2333333333333334
Stephenson George T.,Non-white,1,870,0.7286432160804021,0.8066037735849056,1.1069941444372153,0.07796055750450359
Stevens Christina Kilbo,Non-white,1,198,0.6898954703832753,0.7796143250688705,1.1300470267412417,0.08971885468559526
Strand Elizabeth,Non-white,1,47,0.746031746031746,0.8,1.0723404255319149,0.053968253968254
Strandlie Christopher J.,Non-white,1,4,0.8,0.7931034482758621,0.9913793103448276,-0.006896551724137945
Stratton Laurence J.,Non-white,1,11,0.9166666666666666,0.875,0.9545454545454546,-0.04166666666666663
Street Dyanna L.,Non-white,1,173,0.7723214285714286,0.8060263653483992,1.043641074208332,0.03370493677697062
Stringer Thomas M.,Non-white,1,19,0.8636363636363636,0.8461538461538461,0.979757085020243,-0.0174825174825175
Stumme Rebekka Lynn,Non-white,1,12,0.8571428571428571,0.7692307692307693,0.8974358974358976,-0.08791208791208782
Sturino Carmaine M.,Non-white,1,13,0.8666666666666667,0.88,1.0153846153846153,0.013333333333333308
Sullivan Barry A.,Non-white,1,126,0.7974683544303798,0.8407494145199064,1.0542730753503586,0.04328106008952659
Sullivan David P.,Non-white,1,97,0.7293233082706767,0.864406779661017,1.185217543246549,0.13508347139034027
Sullivan Rachel C.,Non-white,1,7,0.7777777777777778,0.8490566037735849,1.091644204851752,0.07127882599580715
Sutherland Patrice K.,Non-white,1,205,0.7649253731343284,0.8326086956521739,1.0884835630965004,0.06768332251784548
Swanson Stephen D.,Non-white,1,564,0.7221510883482715,0.7905982905982906,1.0947823846760016,0.0684472022500191
Sweetland Heather L.,Non-white,1,220,0.7006369426751592,0.8397565922920892,1.1985616817259819,0.13911964961693002
Swenson Douglas G.,Non-white,1,22,0.6285714285714286,0.6903225806451613,1.098240469208211,0.06175115207373272
Tarnowski Sally L.,Non-white,1,198,0.7279411764705882,0.8169761273209549,1.122310639552019,0.08903495085036672
Taylor Richard C.,Non-white,1,25,0.6756756756756757,0.7848101265822784,1.1615189873417722,0.10913445090660279
Taylor Vicki V.,Non-white,1,32,0.8205128205128205,0.7647058823529411,0.9319852941176471,-0.05580693815987936
TenEyck David,Non-white,1,132,0.75,0.7565543071161048,1.0087390761548065,0.006554307116104829
Tenney Geoffrey W.,Non-white,1,63,0.7,0.7903614457831325,1.1290877796901893,0.09036144578313254
Theisen Mary,Non-white,1,148,0.74,0.7867298578199052,1.0631484565133855,0.04672985781990524
Thilmony Gretchen D.,Non-white,1,108,0.7297297297297297,0.7753623188405797,1.0625335480407945,0.04563258911085
Thompson Jeffrey D.,Non-white,1,96,0.6037735849056604,0.7915993537964459,1.3110864297253635,0.1878257688907855
Thompson Michael J.,Non-white,1,227,0.7206349206349206,0.7181372549019608,0.9965340761855404,-0.0024976657329598417
Thuet William F.,Non-white,1,195,0.8297872340425532,0.850187265917603,1.024584653798137,0.020400031875049796
Tiffany Robert D.,Non-white,1,163,0.7442922374429224,0.7751937984496124,1.0415180482237123,0.03090156100669006
Tilsen Judith M.,Non-white,1,747,0.7073863636363636,0.7807807807807807,1.1037543567664048,0.07339441714441708
Timmerman Troy G.,Non-white,1,10,0.9090909090909091,0.8913043478260869,0.9804347826086957,-0.017786561264822143
Titus Linda S.,Non-white,1,46,0.5974025974025974,0.717391304347826,1.2008506616257089,0.11998870694522867
Trushenski Michael D.,Non-white,1,53,0.8153846153846154,0.8226415094339623,1.0088999644001424,0.007256894049346929
Vaa Galen,Non-white,1,238,0.6485013623978202,0.7354138398914518,1.1340205010090874,0.08691247749363162
Vajgrt Terry S.,Non-white,1,96,0.7559055118110236,0.83399209486166,1.1033020421607378,0.07808658305063643
Van Hon Thomas W.,Non-white,1,74,0.6548672566371682,0.6940298507462687,1.0598023396530858,0.0391625941091005
Vandelist Mark C.,Non-white,1,64,0.7441860465116279,0.7366071428571429,0.9898158482142858,-0.007578903654484992
"VanDeNorth, J John B.",Non-white,1,196,0.6125,0.7777777777777778,1.2698412698412698,0.16527777777777775
Varco Robert B.,Non-white,1,65,0.6565656565656566,0.8068376068376069,1.2288757396449703,0.15027195027195028
Vasaly Mary R.,Non-white,1,3,0.75,0.5,0.6666666666666666,-0.25
Venne Donald J.,Non-white,1,110,0.7801418439716312,0.8634538152610441,1.1067907995618838,0.08331197128941292
Vraa Paula D.,Non-white,1,23,0.6764705882352942,0.9056603773584906,1.338802296964725,0.22918978912319643
Vuelo Sophia Y.,Non-white,1,77,0.6936936936936937,0.7619047619047619,1.0983302411873839,0.06821106821106815
Wahi Richelle M.,Non-white,1,60,0.7792207792207793,0.8333333333333334,1.0694444444444444,0.05411255411255411
Wahl Edward T.,Non-white,1,5,0.5555555555555556,0.6666666666666666,1.2,0.11111111111111105
Wahwassuck Korey,Non-white,1,69,0.6634615384615384,0.7507598784194529,1.1315801066032334,0.08729833995791447
Walker Bradley C.,Non-white,1,202,0.7680608365019012,0.814404432132964,1.0603384438166807,0.04634359563106283
Walker Robert D.,Non-white,1,97,0.7028985507246377,0.7873303167420814,1.12011941969492,0.08443176601744373
Walker William E.,Non-white,1,89,0.6793893129770993,0.7542857142857143,1.1102407704654895,0.07489640130861508
Wallace Katherine M.,Non-white,1,100,0.6993006993006993,0.8487084870848709,1.2136531365313654,0.14940778778417163
Walters Terrence M.,Non-white,1,59,0.7662337662337663,0.8373205741626795,1.0927743086529884,0.0710868079289132
Wang Shan C.,Non-white,1,42,0.6363636363636364,0.728,1.144,0.09163636363636363
Warner Teresa R.,Non-white,1,531,0.6679245283018868,0.728448275862069,1.0906146503019678,0.060523747560182195
Weiler Leonard A.,Non-white,1,72,0.6486486486486487,0.7870036101083032,1.2132972322503008,0.13835496145965454
Weir Kathleen A.,Non-white,1,42,0.711864406779661,0.7450980392156863,1.046685340802988,0.033233632436025284
Wellmann Fred W.,Non-white,1,254,0.7582089552238805,0.7602339181286549,1.00267071879173,0.0020249629047743856
Wentzell Michael,Non-white,1,57,0.7402597402597403,0.7733812949640287,1.0447431528461442,0.03312155470428846
Wentzell Stephen J.,Non-white,1,24,0.7058823529411765,0.7183098591549296,1.017605633802817,0.012427506213753103
Wermager Tim D.,Non-white,1,269,0.7493036211699164,0.7842401500938087,1.046625330422592,0.03493652892389221
Wernick Mark S.,Non-white,1,497,0.6299112801013942,0.7474489795918368,1.1865940541206421,0.11753769949044257
West Sarah S.,Non-white,1,80,0.8247422680412371,0.8153846153846154,0.9886538461538462,-0.009357652656621696
Westphal Todd W.,Non-white,1,67,0.7127659574468085,0.7694704049844237,1.0795554935602363,0.056704447537615166
Wetzel Antoinette C.,Non-white,1,4,0.5,0.8135593220338984,1.6271186440677967,0.31355932203389836
Wexler Thomas,Non-white,1,21,0.6176470588235294,0.7333333333333333,1.187301587301587,0.11568627450980384
Weyrens John,Non-white,1,1,0.5,0.75,1.5,0.25
Weyrens John J.,Non-white,1,15,0.8333333333333334,0.7105263157894737,0.8526315789473684,-0.1228070175438597
Wheeler Steven D.,Non-white,1,226,0.738562091503268,0.7725490196078432,1.0460176991150443,0.033986928104575154
Widick Paul E.,Non-white,1,138,0.6272727272727273,0.7740667976424361,1.2340195324734489,0.14679407036970882
Wieland Lucy Ann,Non-white,1,330,0.6947368421052632,0.8072727272727273,1.1619834710743802,0.11253588516746404
Wieners Joseph F.,Non-white,1,170,0.6390977443609023,0.79182156133829,1.2389678547999126,0.15272381697738768
Wietzema Christina M.,Non-white,1,66,0.673469387755102,0.7965517241379311,1.1827586206896552,0.12308233638282906
Williamson Jodi,Non-white,1,82,0.6165413533834586,0.8018018018018018,1.300483410239508,0.18526044841834322
Williamson Jodi L.,Non-white,1,236,0.5989847715736041,0.7323741007194244,1.2226923545909034,0.13338932914582036
Wilson Edward S.,Non-white,1,566,0.6746126340882003,0.7763713080168776,1.1508401544631808,0.10175867392867732
Wilton Christian S.,Non-white,1,108,0.6352941176470588,0.716931216931217,1.1285028414658045,0.08163709928415819
Winters Jody L.,Non-white,1,33,0.8048780487804879,0.82,1.0187878787878786,0.015121951219512098
Wolf Dale A.,Non-white,1,235,0.7679738562091504,0.8214971209213052,1.0696941234124229,0.05352326471215485
Wolf Gerald J.,Non-white,1,93,0.7099236641221374,0.7773851590106007,1.095026406778373,0.06746149488846331
Worke Renee L.,Non-white,1,18,0.6923076923076923,0.7924528301886793,1.1446540880503147,0.100145137880987
Wright Wilhelmina M.,Non-white,1,64,0.6213592233009708,0.8142857142857143,1.3104910714285716,0.19292649098474346
Wynn Heather,Non-white,1,45,0.7894736842105263,0.7551020408163265,0.9564625850340135,-0.03437164339419985
Yang Adam C.,Non-white,1,24,0.75,0.8125,1.0833333333333333,0.0625
Yang P. Paul,Non-white,1,17,0.68,0.6363636363636364,0.9358288770053476,-0.043636363636363695
Yon Tamara L.,Non-white,1,284,0.6339285714285714,0.6745098039215687,1.064015465341066,0.04058123249299728
Yost LeRoy W.,Non-white,1,25,0.7575757575757576,0.7933333333333333,1.0472,0.035757575757575766
Young Michael A.,Non-white,1,28,0.6086956521739131,0.6962025316455697,1.1437613019891502,0.08750687947165658
Yunker Mary,Non-white,1,106,0.6708860759493671,0.7605633802816901,1.1336699441934626,0.08967730433232302
Zimmer Tricia B.,Non-white,1,23,0.8518518518518519,0.7777777777777778,0.9130434782608696,-0.07407407407407407
Zimmerman Lloyd B.,Non-white,1,51,0.5257731958762887,0.717948717948718,1.3655103066867773,0.19217552207242927
Zimmerman Richard A.,Non-white,1,90,0.7142857142857143,0.7468706536856745,1.0456189151599442,0.03258493939996021
